<?xml version="1.0" encoding="UTF-8"?>
<beans xmlns="http://www.springframework.org/schema/beans"
	xmlns:xsi="http://www.w3.org/2001/XMLSchema-instance"
	xmlns:context="http://www.springframework.org/schema/context"
	xmlns:tx="http://www.springframework.org/schema/tx"
	xsi:schemaLocation="http://www.springframework.org/schema/beans http://www.springframework.org/schema/beans/spring-beans.xsd
		http://www.springframework.org/schema/context http://www.springframework.org/schema/context/spring-context-3.2.xsd
		http://www.springframework.org/schema/tx http://www.springframework.org/schema/tx/spring-tx-3.2.xsd">
<!-- spring bean 설정 파일 : 스프링의 컨테이너가 생성할 객체를 적는 파일 -->

<!-- 컨테이너는 지금 xml문서만 읽어가면 된다. import태그안의 xml도 같이 읽어가게 됨.(재활용성) -->
<import resource="db.xml"/> <!-- db.xml의 내용이 여기에 적힌 것과 같다. -->

<!-- service객체, dao객체 생성 : annotation으로 생성되게 함 -->
<context:component-scan base-package="com.mvc.service"/>
<context:component-scan base-package="com.mvc.dao"/>

<!-- SqlSessionFactory, SqlSession 객체 생성 -->
<bean id="sqlSessionFactory"
	class="org.mybatis.spring.SqlSessionFactoryBean">
	<property name="dataSource" ref="ds"/> <!-- db.xml안의 DB정보 (커넥션 pool객체 정보) -->
	<property name="mapperLocations" value="classpath:mapper/BoardMapper.xml"/> <!-- "매퍼파일"의 경로. (classpath는 main/resources를 의미) -->
	<property name="typeAliasesPackage" value="com.mvc.vo"/>
</bean>

<bean id="sqlSession" class="org.mybatis.spring.SqlSessionTemplate"> <!-- 위의 팩토리에서 session을 필요할때마다 만들어줌 -->
	<constructor-arg ref="sqlSessionFactory"/>
</bean>

<tx:annotation-driven transaction-manager="tm"/> <!-- 만약에 id="transactionManager"로 생성한다면 여기서는 쓸 필요X -->
<!-- "transaction 관리자 객체"중 한가지 생성(JDBC와 myBatis사용할 때 사용하는 관리자) -->
<bean id="tm"
	class="org.springframework.jdbc.datasource.DataSourceTransactionManager">
	<property name="dataSource" ref="ds"/> <!-- db.xml안의 DB정보 (커넥션 pool객체 정보) -->
</bean>

</beans>
